<?xml version="1.0" encoding="UTF-8"?>
<project-private xmlns="http://www.netbeans.org/ns/project-private/1">
    <editor-bookmarks xmlns="http://www.netbeans.org/ns/editor-bookmarks/2" lastBookmarkId="0"/>
    <open-files xmlns="http://www.netbeans.org/ns/projectui-open-files/2">
        <group>
            <file>file:/C:/Users/joshu/Desktop/SIT/ICT1004%20Web/Lab/Lab07/process_register.php</file>
            <file>file:/C:/Users/joshu/Desktop/SIT/ICT1004%20Web/Lab/Lab07/process_login.php</file>
            <file>file:/C:/Users/joshu/Desktop/SIT/ICT1004%20Web/Lab/Lab07/register.php</file>
            <file>file:/C:/Users/joshu/Desktop/SIT/ICT1004%20Web/Lab/Lab07/head.inc.php</file>
            <file>file:/C:/Users/joshu/Desktop/SIT/ICT1004%20Web/Lab/Lab07/nav.inc.php</file>
            <file>file:/C:/Users/joshu/Desktop/SIT/ICT1004%20Web/Lab/Lab07/login.php</file>
            <file>file:/C:/Users/joshu/Desktop/SIT/ICT1004%20Web/Lab/Lab07/account.php</file>
            <file>file:/C:/Users/joshu/Desktop/SIT/ICT1004%20Web/Lab/Lab07/logout.php</file>
        </group>
    </open-files>
</project-private>
